{
  "poly_walk_x": {
    "poly": {
      "values": [
        0.11719819731043185,
        -1.6420704167288664,
        0.532150179944907,
        2.9499617496095736,
        -1.0001703620332791
      ],
      "min": null,
      "max": null
    },
    "amp": {
      "value": 0.8916018519240381,
      "min": 0.01,
      "max": 1.0
    }
  },
  "poly_walk_y": {
    "poly": {
      "values": [
        -0.9196728849022334,
        1.3241098364151163,
        0.4036777585042136,
        -0.22133817797450944,
        -0.26774835030972266
      ],
      "min": null,
      "max": null
    },
    "amp": {
      "value": 0.16332428160338852,
      "min": 0.01,
      "max": 1.0
    }
  },
  "walk_speed": {
    "value": 0.42467716995451926,
    "min": 0.0,
    "max": 2.0
  }
}