{
  "poly_walk_x": {
    "poly": {
      "values": [
        0.7518490375657608,
        0.2477457778355585,
        -2.2056799125473465,
        -1.3348707672940892,
        1.1578885618862607
      ],
      "min": null,
      "max": null
    },
    "amp": {
      "value": 0.650292642514556,
      "min": 0.01,
      "max": 1.0
    }
  },
  "poly_walk_y": {
    "poly": {
      "values": [
        -0.9290852031062398,
        -0.9924333527191397,
        -2.33093028461425,
        -0.13498790554230156,
        0.847133842609108
      ],
      "min": null,
      "max": null
    },
    "amp": {
      "value": 0.12387694330795246,
      "min": 0.01,
      "max": 1.0
    }
  },
  "walk_speed": {
    "value": 0.0,
    "min": 0.0,
    "max": 2.0
  }
}