{
  "poly_walk_x": {
    "poly": {
      "values": [
        0.07073729300184267,
        -1.360733983114886,
        0.28046815197500197,
        3.002644824936861,
        -0.9436597578790131
      ],
      "min": null,
      "max": null
    },
    "amp": {
      "value": 0.7269251746948695,
      "min": 0.01,
      "max": 1.0
    }
  },
  "poly_walk_y": {
    "poly": {
      "values": [
        -0.8488791623042818,
        1.3306844672438964,
        0.09450858601969209,
        0.09982113346228133,
        -0.07839045003129905
      ],
      "min": null,
      "max": null
    },
    "amp": {
      "value": 0.16914588053955232,
      "min": 0.01,
      "max": 1.0
    }
  },
  "walk_speed": {
    "value": 0.3367051914487992,
    "min": 0.0,
    "max": 2.0
  }
}