{
  "poly_walk_x": {
    "poly": {
      "values": [
        1.3520728588293771,
        -0.653203582167358,
        -0.4558145592147317,
        -2.3371115369234934,
        -1.847111941162227
      ],
      "min": null,
      "max": null
    },
    "amp": {
      "value": 0.2653044199267593,
      "min": 0.01,
      "max": 0.5
    }
  },
  "poly_walk_y": {
    "poly": {
      "values": [
        0.3244277951780055,
        0.7106952117523389,
        -0.4569120313077342,
        0.9429723412201325,
        -2.845036035315098
      ],
      "min": null,
      "max": null
    },
    "amp": {
      "value": 0.41269246019751593,
      "min": 0.01,
      "max": 0.5
    }
  }
}