{
  "poly_walk_x": {
    "poly": {
      "values": [
        -0.1902299301149473,
        -0.04524586946441267,
        0.031189566637770755,
        0.9590563900315803,
        0.7675386096435843
      ],
      "min": null,
      "max": null
    },
    "amp": {
      "value": 0.4316521320617147,
      "min": 0.01,
      "max": 1.0
    }
  },
  "poly_walk_y": {
    "poly": {
      "values": [
        -0.32593954308226464,
        0.14428840024964162,
        0.22560329298986317,
        1.2658228626143981,
        -0.008109449943912661
      ],
      "min": null,
      "max": null
    },
    "amp": {
      "value": 0.10775466047239009,
      "min": 0.01,
      "max": 1.0
    }
  }
}